category,total_checkins
Restaurants,8515127
Food,4322748
Nightlife,3230242
Bars,3001558
American (Traditional),1990454
American (New),1819788
Breakfast & Brunch,1572672
Shopping,1425404
Sandwiches,1330944
Coffee & Tea,1269971
Event Planning & Services,1176687
Arts & Entertainment,1052490
Seafood,1031968
Hotels & Travel,858492
Burgers,848515
Active Life,734412
Mexican,719413
Pizza,695094
Grocery,635790
Specialty Food,630183
Beer,622351
Wine & Spirits,622351
Cafes,607222
Italian,595531
Salad,575081
Cocktail Bars,571053
Pubs,568793
Desserts,549623
Fast Food,513333
Venues & Event Spaces,499634
Bakeries,468623
Cajun/Creole,468520
Sports Bars,466323
Fashion,448709
Local Flavor,410375
Caterers,404048
Beauty & Spas,400771
Sushi Bars,395451
Steakhouses,375768
Hotels,371842
Chinese,368505
Japanese,366221
Music Venues,352099
Asian Fusion,344483
Ice Cream & Frozen Yogurt,341166
Southern,340407
Wine Bars,337160
Automotive,320631
Vegetarian,310778
Diners,310723
Barbeque,309958
Lounges,309529
Fitness & Instruction,308684
Chicken Wings,308289
Delis,298228
Breweries,297187
Department Stores,287374
Local Services,278780
Airports,261985
Health & Medical,259546
Home & Garden,258691
Gyms,254140
Juice Bars & Smoothies,253404
Beer Bar,248886
Gastropubs,244536
Drugstores,224340
Gluten-Free,212576
Soup,210840
Shopping Centers,207762
Public Services & Government,204573
Comfort Food,199457
Trainers,191754
Vietnamese,187190
Mediterranean,187183
Transportation,185817
Parks,185732
Thai,184781
Vegan,184245
Convenience Stores,173628
Flowers & Gifts,164685
Donuts,163620
Tex-Mex,159365
Dive Bars,154499
Home Services,147735
Electronics,144942
French,142651
Ethnic Food,142468
Bagels,139559
Latin American,137666
Health Markets,131332
Tacos,130831
Tapas/Small Plates,130203
Cinema,129839
Education,120031
Landmarks & Historical Buildings,117852
Museums,116725
Nail Salons,114931
Women's Clothing,111203
Greek,110484
Hair Salons,108719
Furniture Stores,107086
Professional Services,103565
Gas Stations,102153
Day Spas,102068
Noodles,100979
Korean,100602
Tours,99142
Indian,98446
Soul Food,96455
Buffets,93673
Pets,93350
Bubble Tea,93210
Casinos,93160
Chicken Shop,92165
Sporting Goods,91926
Party & Event Planning,91611
Farmers Market,90003
Food Delivery Services,89572
Hair Removal,89550
Hot Dogs,89370
Middle Eastern,88528
Cheesesteaks,88526
Meat Shops,87295
Yoga,85768
Fruits & Veggies,84802
Wineries,82107
Men's Clothing,80709
Dance Clubs,78705
Discount Store,77981
Tapas Bars,77800
Cosmetics & Beauty Supply,77248
Gift Shops,77037
Auto Repair,75919
Food Trucks,75785
Stadiums & Arenas,75637
Performing Arts,75311
Home Decor,73730
Skin Care,72662
Irish,72634
Nurseries & Gardening,70599
Jazz & Blues,70334
Massage,69972
Car Rental,69583
Appliances,69085
Organic Stores,68340
Caribbean,68179
Waxing,67629
Florists,66199
Mags,66196
Books,66196
Music & Video,66196
Coffee Roasteries,64990
Seafood Markets,64557
Chocolatiers & Shops,64377
Art Galleries,63678
Wholesale Stores,63136
Arts & Crafts,62834
Beer Gardens,62468
Real Estate,61513
Spanish,60933
Tires,60182
Resorts,60139
Airlines,59376
Sports Clubs,59348
Food Stands,59327
Mobile Phones,58378
Hardware Stores,58054
Cuban,57130
Brewpubs,56924
Pet Services,56226
Doctors,55695
Colleges & Universities,54689
Shoe Stores,54327
Accessories,49228
Parking,49133
Candy Stores,48088
Ramen,48033
Souvenir Shops,47723
Karaoke,47205
Pharmacy,46773
Gelato,46759
Cheese Shops,45879
Dim Sum,45723
German,45146
Arcades,44564
Food Court,42614
Community Service/Non-Profit,42121
Bookstores,41586
Amusement Parks,41479
Live/Raw Food,40772
Oil Change Stations,40769
Irish Pub,40206
Festivals,39994
Pet Stores,39903
Building Supplies,39641
Hospitals,39472
Wine Tasting Room,38178
Specialty Schools,38141
Car Wash,37721
Tanning,37513
Auto Parts & Supplies,37500
Public Transportation,37396
Pet Groomers,36493
Bowling,36160
Eyelash Service,35885
Used,35791
Vintage & Consignment,35791
Fish & Chips,35275
Financial Services,35239
Car Dealers,34798
Pakistani,34613
Tobacco Shops,34410
Photography Stores & Services,34409
Barbers,34111
Creperies,33970
British,33912
IT Services & Computer Repair,33810
Tea Rooms,33285
Toy Stores,33271
Szechuan,33171
Medical Centers,33157
Hawaiian,32720
Apartments,32453
Jewelry,32448
Halal,32021
Cupcakes,31641
Massage Therapy,31605
Sports Wear,31600
Hiking,30840
Child Care & Day Care,30172
Hair Stylists,30060
Brasseries,29126
Modern European,29112
Taiwanese,28906
Computers,28789
Golf,28776
Public Markets,28527
Acai Bowls,28451
Shipping Centers,27697
Wraps,27658
Pet Sitting,27652
Butcher,27405
Beaches,27303
Zoos,27064
Botanical Gardens,27046
Whiskey Bars,26542
Boot Camps,26453
Outdoor Gear,26149
Religious Organizations,25755
Banks & Credit Unions,25736
Swimming Pools,25690
Veterinarians,25658
Smokehouse,25565
Playgrounds,25403
Hobby Shops,25204
Brazilian,24756
Shaved Ice,24710
Kitchen & Bath,24374
Train Stations,24196
Wedding Planning,24105
Thrift Stores,23846
Auto Detailing,23557
Antiques,23366
Children's Clothing,23351
International Grocery,23258
Gay Bars,22974
Makeup Artists,22871
Dog Parks,22607
Pool Halls,22473
Art Museums,22141
Waffles,21874
Libraries,21836
Street Vendors,21802
Post Offices,20826
Dentists,20767
Recreation Centers,20711
Adult Entertainment,20702
Pilates,20528
Dinner Theater,20516
Internet Cafes,20482
Canadian (New),20394
Music & DVDs,20333
Travel Services,20274
Pet Training,20088
Dry Cleaning & Laundry,19975
Weight Loss Centers,19951
Printing Services,19766
Pasta Shops,19692
Art Supplies,19671
Churches,19304
Laundry Services,19227
Eyewear & Opticians,19213
Cantonese,19212
Poke,19207
Interval Training Gyms,18422
Tennis,18245
Hot Pot,18177
Tiki Bars,18004
Distilleries,17918
General Dentistry,17748
Professional Sports Teams,17675
Boating,17622
Piano Bars,17204
Custom Cakes,16953
Hookah Bars,16839
Mattresses,16470
Historical Tours,16458
Men's Hair Salons,16339
Outlet Stores,16209
Patisserie/Cake Shop,16148
Amateur Sports Teams,16146
Pan Asian,16122
Bed & Breakfast,15905
Comedy Clubs,15793
Peruvian,15672
New Mexican Cuisine,15613
Kids Activities,15421
Bikes,15261
Imported Food,15104
Nutritionists,15099
Skating Rinks,14599
Hair Extensions,14427
Lebanese,14118
Cardio Classes,14045
Office Equipment,13980
Belgian,13933
Laotian,13685
Mortgage Brokers,13371
Body Shops,13205
Appliances & Repair,13085
Chiropractors,12369
Physical Therapy,12369
Optometrists,12230
Kebab,12205
Kosher,12170
Blow Dry/Out Services,12127
Cosmetic Dentists,12066
Cycling Classes,12034
Mobile Phone Repair,12013
Aquariums,11879
Social Clubs,11816
Basque,11682
Pretzels,11297
Airport Terminals,11249
Shanghainese,11136
Medical Spas,11089
Baseball Fields,11026
Falafel,10987
Barre Classes,10967
Turkish,10822
Vitamins & Supplements,10800
Swimming Lessons/Schools,10767
Cards & Stationery,10625
Spray Tanning,10566
Summer Camps,10563
Videos & Video Game Rental,10560
Sewing & Alterations,10483
Employment Agencies,10390
Notaries,10236
Tattoo,10221
Guns & Ammo,10080
Contractors,9944
Comic Books,9876
Macarons,9858
Preschools,9823
Vape Shops,9761
Malaysian,9757
Vinyl Records,9658
Filipino,9528
Mongolian,9491
Do-It-Yourself Food,9491
Limos,9352
Martial Arts,9347
Reflexology,9261
Head Shops,9258
Ethiopian,9236
Argentine,9216
Interior Design,8791
Nail Technicians,8741
Baby Gear & Furniture,8699
Eyebrow Services,8628
Persian/Iranian,8619
Scandinavian,8599
Permanent Makeup,8592
Knitting Supplies,8582
Flea Markets,8458
Bike Rentals,8420
Electronics Repair,8367
Party Supplies,8213
Urgent Care,8191
Art Classes,8005
Gun/Rifle Ranges,7995
Country Clubs,7896
African,7895
Wine Tours,7880
Airport Lounges,7854
Children's Museums,7760
Personal Shopping,7745
Elementary Schools,7721
Fishing,7717
Acupuncture,7628
Musical Instruments & Teachers,7582
Ticket Sales,7555
Climbing,7530
Costumes,7476
Bike Repair/Maintenance,7447
Cultural Center,7293
Eatertainment,7254
Tabletop Games,7150
Diagnostic Services,7076
Pet Boarding,7051
Mailbox Centers,7038
Mobile Phone Accessories,6934
Obstetricians & Gynecologists,6886
Used Car Dealers,6871
Shared Office Spaces,6839
Champagne Bars,6802
Piercing,6750
Laser Hair Removal,6714
Bridal,6706
Adult Education,6634
Tanning Beds,6631
Boat Tours,6529
Shoe Repair,6506
Family Practice,6491
Dry Cleaning,6431
Hunting & Fishing Supplies,6377
Mini Golf,6354
Musicians,6300
Arabic,6272
Party Equipment Rentals,6239
Mass Media,6193
Herbs & Spices,6185
Lingerie,6167
Rafting/Kayaking,6117
Beer Tours,6068
Pop-Up Restaurants,6051
Visitor Centers,6038
Lawyers,5893
Iberian,5886
Pediatricians,5830
Emergency Rooms,5814
Race Tracks,5804
Boat Charters,5786
Empanadas,5778
Fabric Stores,5745
Cideries,5731
Beverage Store,5709
Auto Glass Services,5668
Oral Surgeons,5662
Art Schools,5652
Animal Shelters,5565
Escape Games,5562
Community Centers,5499
Teppanyaki,5400
Internet Service Providers,5356
Funeral Services & Cemeteries,5338
Boxing,5329
Ophthalmologists,5323
Property Management,5303
Airport Shuttles,5273
Orthodontists,5271
Smog Check Stations,5229
Donation Center,5187
Farms,5176
Outdoor Furniture Stores,5157
Sports Medicine,5148
Moroccan,5106
Team Building Activities,5030
Dance Studios,4973
Departments of Motor Vehicles,4947
Transmission Repair,4902
Self Storage,4900
Fitness/Exercise Equipment,4894
Afghan,4874
Fondue,4868
Strip Clubs,4862
Cooking Schools,4837
Supernatural Readings,4823
Photographers,4822
Izakaya,4818
Pet Adoption,4803
Leisure Centers,4764
Hong Kong Style Cafe,4739
Car Stereo Installation,4682
Investing,4653
Framing,4624
Cooking Classes,4576
Signmaking,4551
Endodontists,4537
Personal Chefs,4537
Used Bookstore,4532
Cambodian,4502
Lighting Fixtures & Equipment,4455
Kombucha,4425
Educational Services,4392
Paint & Sip,4391
Planetarium,4363
Rock Climbing,4362
Adult,4316
Rehabilitation Center,4284
Horse Racing,4259
Keys & Locksmiths,4250
Pediatric Dentists,4236
Cardiologists,4232
Watches,4151
Couriers & Delivery Services,4137
Video Game Stores,4134
Colombian,4134
Orthopedists,4129
Wheel & Rim Repair,4102
Speakeasies,4084
Candle Stores,4084
Telecommunications,4079
Landscaping,4076
Internal Medicine,4063
Reiki,4060
Financial Advising,4045
Walking Tours,4004
Spiritual Shop,3980
Motorcycle Dealers,3949
Insurance,3946
Salvadoran,3872
Campgrounds,3868
Paint Stores,3781
Puerto Rican,3772
Vacation Rentals,3759
Formal Wear,3737
Water Parks,3729
Diagnostic Imaging,3700
Russian,3677
Cafeteria,3651
Day Camps,3651
Traditional Chinese Medicine,3607
Windshield Installation & Repair,3592
Indonesian,3563
Threading Services,3536
Scottish,3535
Paddleboarding,3530
Towing,3517
Go Karts,3491
Swimwear,3477
Dermatologists,3440
Venezuelan,3387
Yelp Events,3356
Israeli,3355
Middle Schools & High Schools,3351
Periodontists,3343
Jewelry Repair,3336
Laundromat,3313
Wholesalers,3285
Cannabis Clinics,3283
Perfume,3283
Delicatessen,3275
Leather Goods,3265
Flooring,3247
Brewing Supplies,3211
Himalayan/Nepalese,3189
Armenian,3183
Trampoline Parks,3181
Rugs,3158
Service Stations,3120
Counseling & Mental Health,3108
Cigar Bars,3076
Pick Your Own Farms,3032
Laser Tag,3018
Real Estate Services,2986
Newspapers & Magazines,2952
Ethnic Grocery,2948
Bistros,2861
Motorcycle Repair,2857
Watch Repair,2830
Golf Lessons,2826
Dog Walkers,2819
Polish,2806
Tax Services,2803
Courthouses,2769
Propane,2749
Laboratory Testing,2741
RV Parks,2707
Cosmetology Schools,2703
Singaporean,2676
Truck Rental,2658
Movers,2652
Plus Size Fashion,2639
Circuit Training Gyms,2635
Musical Instrument Services,2621
Life Coach,2620
Graphic Design,2573
Health Retreats,2548
Lakes,2521
Cabaret,2496
Meditation Centers,2486
CSA,2465
Conveyor Belt Sushi,2428
Laser Eye Surgery/Lasik,2402
Dance Schools,2401
Tuscan,2381
Golf Equipment,2369
Auto Loan Providers,2358
Indoor Playcentre,2343
Cosmetic Surgeons,2331
Soccer,2325
Motorcycle Gear,2301
Recycling Center,2282
Naturopathic/Holistic,2271
Taxis,2270
Walk-in Clinics,2212
Disc Golf,2194
Wigs,2180
Portuguese,2178
Public Art,2161
Guitar Stores,2125
Hostels,2109
Syrian,2095
Tasting Classes,2084
Challenge Courses,2071
Medical Supplies,2040
Haunted Houses,2038
Bar Crawl,2031
Clothing Rental,1999
Burmese,1992
Kickboxing,1990
Striptease Dancers,1961
Vocational & Technical School,1946
Garage Door Services,1912
Auto Customization,1906
Hats,1891
Gymnastics,1889
Car Window Tinting,1878
Gardeners,1878
University Housing,1872
Plumbing,1866
Data Recovery,1864
Recording & Rehearsal Studios,1848
Bespoke Clothing,1836
Ski Resorts,1825
Wedding Chapels,1816
Television Service Providers,1803
Teeth Whitening,1781
Horseback Riding,1766
Home Cleaning,1756
Mountain Biking,1753
Hot Tub & Pool,1743
Cannabis Dispensaries,1742
Bartenders,1734
Heating & Air Conditioning/HVAC,1710
Axe Throwing,1709
Dominican,1700
Home Organization,1685
Party Bus Rentals,1669
Australian,1640
Carpet Cleaning,1639
Christmas Trees,1638
Guest Houses,1628
Special Education,1608
Home Theatre Installation,1599
Oncologist,1597
Bus Tours,1588
Olive Oil,1587
Registration Services,1572
Emergency Pet Hospital,1558
Packing Supplies,1555
Floral Designers,1522
Real Estate Agents,1519
Windows Installation,1501
Popcorn Shops,1495
Unofficial Yelp Events,1484
Pickleball,1474
Trains,1470
Customized Merchandise,1468
Landscape Architects,1467
Drive-Thru Bars,1463
Marketing,1453
Maternity Wear,1453
Religious Items,1433
Carpeting,1433
Rest Stops,1430
Saunas,1428
Pool & Hot Tub Service,1407
Home Health Care,1403
Themed Cafes,1400
Body Contouring,1383
Print Media,1368
Poutineries,1366
Skate Parks,1345
Blood & Plasma Donation Centers,1328
International,1321
Egyptian,1318
Food Tours,1304
Japanese Curry,1299
Mortgage Lenders,1299
Uniforms,1294
Ukrainian,1293
Police Departments,1291
Firearm Training,1282
Surgeons,1279
Holiday Decorations,1272
Security Systems,1264
Pool & Billiards,1253
Wine Tasting Classes,1247
Batting Cages,1243
Basketball Courts,1203
Radio Stations,1197
Uzbek,1186
Tattoo Removal,1185
Podiatrists,1179
Buddhist Temples,1166
Advertising,1162
Utilities,1148
Drive-In Theater,1145
Art Tours,1138
Sugaring,1125
Paint-Your-Own Pottery,1114
Skiing,1107
Television Stations,1106
Pumpkin Patches,1096
Tui Na,1092
Shades & Blinds,1087
Archery,1085
Car Buyers,1083
Battery Stores,1074
Session Photography,1067
Country Dance Halls,1065
Auction Houses,1065
Commercial Real Estate,1058
Donairs,1033
Restaurant Supplies,1028
Float Spa,1004
Kitchen Supplies,1000
Home Window Tinting,1000
Screen Printing/T-Shirt Printing,993
Web Design,989
Luggage,989
Bangladeshi,982
Opera & Ballet,982
Car Inspectors,982
Tutoring Centers,980
Marinas,976
Tai Chi,973
Shaved Snow,970
Pancakes,967
Pest Control,963
Massage Schools,948
Surfing,941
Estheticians,940
Psychics,926
Psychic Mediums,925
Pain Management,924
Water Heater Installation/Repair,923
Radiologists,895
Retirement Homes,889
Pop-up Shops,887
Ski & Snowboard Shops,884
Occupational Therapy,884
Brazilian Jiu-jitsu,883
Henna Artists,880
Ear Nose & Throat,872
Races & Competitions,872
Coffeeshops,854
Local Fish Stores,851
Auto Insurance,835
Electricians,834
Pawn Shops,815
Sicilian,809
Pool Cleaners,809
Painters,807
Career Counseling,801
Private Tutors,792
RV Dealers,791
Gold Buyers,791
Tree Services,789
Beer Hall,782
Lighting Stores,776
Nicaraguan,760
Diving,758
Orthotics,757
Knife Sharpening,754
Lawn Services,734
Screen Printing,729
Halotherapy,727
Livestock Feed & Supply,727
Pole Dancing Classes,721
Kids Hair Salons,718
Dietitians,717
Gemstones & Minerals,711
Furniture Reupholstery,710
Neurologist,704
Meaderies,700
Aquarium Services,697
Bike tours,692
Party Bike Rentals,689
Trinidadian,681
Virtual Reality Centers,679
Door Sales/Installation,678
Event Photography,672
Kitchen Incubators,670
Skate Shops,667
Vehicle Wraps,664
Appraisal Services,660
Municipality,657
Hair Loss Centers,645
Osteopaths,642
Hypnosis/Hypnotherapy,640
Glass & Mirrors,633
Farming Equipment,631
Bird Shops,625
Sunglasses,624
Damage Restoration,622
IV Hydration,622
Allergists,618
Golf Equipment Shops,614
RV Repair,614
Embroidery & Crochet,610
Surf Shop,607
Pet Hospice,607
Spin Classes,599
Herbal Shops,599
Cabinetry,598
Boat Repair,592
Business Consulting,587
Office Cleaning,582
Bocce Ball,581
Attraction Farms,581
Gunsmith,578
Shredding Services,559
Buses,558
Nephrologists,555
RV Rental,555
Ziplining,551
Life Insurance,550
Roadside Assistance,549
Plastic Surgeons,547
Honduran,544
Aerial Fitness,539
Business Financing,538
Videographers,535
Scuba Diving,534
Shoe Shine,531
Synagogues,531
Czech,520
Motorcycle Parts & Supplies,518
Rolfing,516
Tiling,514
Handyman,508
Tableware,505
Alternative Medicine,503
Jet Skis,501
Boat Dealers,499
Prenatal/Perinatal Care,499
South African,491
Commercial Truck Dealers,490
Condominiums,488
Irrigation,476
Health Coach,471
Acne Treatment,467
Driving Schools,467
Home & Rental Insurance,466
Junk Removal & Hauling,464
Midwives,458
Auto Security,451
Town Car Service,446
Urologists,446
Accountants,434
Austrian,429
Serbo Croatian,428
Honey,424
Fences & Gates,423
Packing Services,417
Sports Betting,409
Beach Equipment Rentals,408
Auto Upholstery,408
Astrologers,407
Payroll Services,403
Hydroponics,402
Self-defense Classes,400
Balloon Services,394
Pressure Washers,393
Food Banks,390
Carousels,390
Observatories,387
Personal Injury Law,387
Spine Surgeons,385
Religious Schools,384
Haitian,381
Masonry/Concrete,379
Art Space Rentals,372
Personal Assistants,371
Psychologists,367
Ethical Grocery,367
Paintball,366
Pet Cremation Services,362
Grilling Equipment,361
Holistic Animal Care,359
Flight Instruction,357
Cryotherapy,353
Whale Watching Tours,350
DJs,346
Chinese Martial Arts,343
Prosthodontists,342
Legal Services,340
Skydiving,337
Bookkeepers,331
Muay Thai,329
Psychiatrists,324
Architectural Tours,323
Commercial Truck Repair,321
Video/Film Production,319
Osteopathic Physicians,318
Window Washing,315
Fertility,314
Mobile Dent Repair,313
Photo Booth Rentals,312
CPR Classes,308
Architects,303
Racing Experience,301
Magicians,300
Dental Hygienists,300
Home Automation,295
Hospice,294
Hotel bar,294
Engraving,293
Mobile Home Repair,293
Safety Equipment,292
Medical Cannabis Referrals,292
Ultrasound Imaging Centers,291
Glass Blowing,291
Carpet Installation,290
Metal Fabricators,290
Coffee & Tea Supplies,290
Home Staging,288
Countertop Installation,287
Air Duct Cleaning,286
Water Purification Services,284
Trivia Hosts,283
Nurse Practitioner,283
Gastroenterologist,276
Hungarian,276
Parenting Classes,275
Aestheticians,274
Concierge Medicine,271
Check Cashing/Pay-day Loans,271
Roofing,269
Colonics,268
Fireplace Services,267
Home Network Installation,262
Powder Coating,257
Snow Removal,256
Karate,255
Sardinian,248
Sleep Specialists,245
Reproductive Health Services,245
Hockey Equipment,245
Reptile Shops,244
Valet Services,243
Motorcycle Rental,242
Audiologist,241
Horse Boarding,240
Tubing,233
Childbirth Education,232
Home Inspectors,232
Travel Agents,232
Military Surplus,230
Photography Classes,229
Dance Wear,229
Officiants,227
General Litigation,227
Scooter Rentals,227
Taxidermy,227
Divorce & Family Law,226
Trailer Dealers,224
Club Crawl,222
Parasailing,222
Estate Liquidation,222
Gutter Services,221
Skilled Nursing,221
Furniture Repair,220
Security Services,213
Petting Zoos,212
Assisted Living Facilities,209
Bounce House Rentals,207
Trailer Rental,207
General Festivals,207
Dialysis Clinics,200
Waterproofing,197
Pet Waste Removal,196
Hearing Aid Providers,193
Piano Services,193
Passport & Visa Services,193
Shutters,193
Safe Stores,191
Teacher Supplies,190
Music Production Services,189
Pulmonologist,188
Sailing,187
Homeowner Association,184
Water Stores,184
LAN Centers,182
Kiosk,180
Lactation Services,179
Carpenters,175
Clock Repair,174
Hospitalists,172
Furniture Assembly,171
Hindu Temples,169
TV Mounting,168
Motorsport Vehicle Dealers,167
Preventive Medicine,165
Motorsport Vehicle Repairs,165
Workers Compensation Law,161
Language Schools,161
Parent Cafes,161
Refinishing Services,160
Pet Photography,159
Fingerprinting,158
Surf Schools,158
Endocrinologists,157
High Fidelity Audio Equipment,157
Mobility Equipment Sales & Services,155
Prosthetics,155
Currency Exchange,155
Car Brokers,147
Dive Shops,144
Bankruptcy Law,143
Bicycle Paths,143
Medical Transportation,142
Pet Transportation,142
Siding,142
Piano Stores,141
Bike Sharing,140
EV Charging Stations,138
Private Schools,137
Bus Stations,137
Snorkeling,137
Emergency Medicine,135
Estate Planning Law,128
Scooter Tours,127
Farm Equipment Repair,127
Pet Insurance,126
Boudoir Photography,126
Vascular Medicine,125
Rodeo,124
Installment Loans,121
Taekwondo,121
Decks & Railing,121
Somali,120
Ranches,119
Car Share Services,118
Fireworks,117
Oriental,115
Nudist,115
Drywall Installation & Repair,115
Speech Therapists,113
Water Delivery,113
Trophy Shops,113
Hybrid Car Repair,112
Calabrian,112
Private Investigation,111
Grout Services,111
Solar Installation,111
Doulas,110
Health Insurance Offices,110
Party Characters,110
Septic Services,109
Cremation Services,108
Georgian,107
DUI Law,107
Bicycles,104
Generator Installation/Repair,104
Jails & Prisons,104
Ayurveda,103
Trailer Repair,103
College Counseling,99
Patio Coverings,98
Hydrotherapy,94
Outdoor Power Equipment Services,93
Real Estate Law,92
Chimney Sweeps,90
Cannabis Collective,90
Addiction Medicine,89
Bartending Schools,87
Diamond Buyers,86
Personal Care Services,86
Experiences,86
Criminal Defense Law,85
Translation Services,85
Memory Care,84
Medical Law,84
& Probates,83
Trusts,83
Wills,83
Commissioned Artists,81
Animal Physical Therapy,81
Sledding,79
Airsoft,79
Real Estate Photography,75
Veterans Organizations,75
Drama Schools,75
Senegalese,75
Audio/Visual Equipment Rental,75
Ferries,74
Pet Breeders,72
Face Painting,72
Embassy,71
Traditional Clothing,68
Bike Repair,68
Public Relations,67
ATV Rentals/Tours,67
Business Law,66
Hydro-jetting,66
Junkyards,66
Machine & Tool Rental,64
Clowns,62
Wildlife Control,62
Mediators,59
Firewood,59
Wildlife Hunting Ranges,58
Aerial Tours,57
Mosques,57
Qi Gong,57
Game Truck Rental,56
Employment Law,56
3D Printing,56
Hot Air Balloons,54
Cucina campana,54
Vermouth Bars,54
Community Gardens,53
Horse Equipment Shops,53
Art Restoration,52
House Sitters,52
Homeless Shelters,51
Sri Lankan,51
Hainan,51
Roman,51
Art Consultants,50
Title Loans,48
Grill Services,48
Eastern European,48
Nanny Services,47
Supper Clubs,46
Talent Agencies,46
DIY Auto Shop,46
Home Developers,45
First Aid Classes,45
Insulation Installation,45
Retina Specialists,45
Golf Cart Rentals,44
Bus Rental,44
Oxygen Bars,43
Ski Schools,43
Cheese Tasting Classes,43
Flyboarding,42
Machine Shops,42
Scavenger Hunts,42
Mobile Home Parks,41
Rheumatologists,41
Fur Clothing,41
Adoption Services,40
Excavation Services,40
Makerspaces,40
Process Servers,39
Bike Parking,39
Bike Shop,38
Demolition Services,38
Aircraft Repairs,38
Behavior Analysts,37
Badminton,37
Concept Shops,37
Fire Protection Services,37
Private Jet Charter,36
Free Diving,36
Bookbinding,36
Wallpapering,35
Art Installation,35
Pedicabs,35
Awnings,34
Hazardous Waste Disposal,34
Bail Bondsmen,34
Software Development,33
Bingo Halls,33
Neurotologists,33
Dumpster Rental,33
Fuel Docks,31
Parklets,31
Infectious Disease Specialists,31
Dumplings,30
Elder Care Planning,30
Neuropathologists,30
Test Preparation,29
Traffic Ticketing Law,28
Hang Gliding,27
Electricity Suppliers,26
Flowers,26
Outdoor Movies,25
Trade Fairs,24
Anesthesiologists,24
Vocal Coach,24
Environmental Abatement,23
Product Design,23
Elevator Services,23
Car Auctions,22
Ice Delivery,22
Digitizing Services,22
Immunodermatologists,22
Artificial Turf,22
Roof Inspectors,21
Squash,20
Holiday Decorating Services,19
Stucco Services,19
Environmental Testing,19
Montessori Schools,19
Mobile Home Dealers,18
Sauna Installation & Repair,18
Silent Disco,18
Cheerleading,17
Fire Departments,16
Sport Equipment Hire,16
Indoor Landscaping,16
Lice Services,16
Social Security Law,16
Undersea/Hyperbaric Medicine,15
Animal Assisted Therapy,15
Boat Parts & Supplies,15
Apartment Agents,15
Traffic Schools,14
Sex Therapists,14
Vacation Rental Agents,13
Dart Arenas,13
Tax Law,13
Matchmakers,13
Sports Psychologists,13
Fuzhou,12
Mortuary Services,12
Vehicle Shipping,12
Drones,11
Aircraft Dealers,11
Debt Relief Services,11
Town Hall,11
Cannabis Tours,11
Immigration Law,10
Billing Services,10
Calligraphy,10
Phlebologists,9
Nursing Schools,9
Furniture Rental,9
Home Energy Auditors,9
Senior Centers,8
Circus Schools,8
Foundation Repair,8
Paragliding,8
Duplication Services,8
Waldorf Schools,8
Caricatures,8
Playsets,8
Donburi,7
Tonkatsu,7
Luggage Storage,7
Public Adjusters,7
Editorial Services,7
Sheds & Outdoor Storage,6
Structural Engineers,6
Beach Bars,6
Sandblasting,5
Props,5
Fencing Clubs,5
Gerontologists,5
Well Drilling,5
Guamanian,5
Backflow Services,5
Proctologists,4
Bubble Soccer,4
Solar Panel Cleaning,4
Crisis Pregnancy Centers,4
Kiteboarding,4
Contract Law,3
Pita,3
Portable Toilet Services,3
Sperm Clinic,3
Otologists,3
Storefront Clinics,3
Golf Cart Dealers,3
IP & Internet Law,3
Hakka,3
Lahmacun,3
Crane Services,3
Land Surveying,2
Hepatologists,2
Disability Law,2
Tenant and Eviction Law,2
Biohazard Cleanup,1
Ceremonial Clothing,1
Pathologists,1
Interlock Systems,1
